{
  "index.html": 1689013507829,
  "manifest.json": 1689015725890,
  "controller/Customer.controller.js": 1689003481716,
  "controller/App.controller.js": 1689003481712,
  "model/models.js": 1689003481712,
  "Component.js": 1689003481700,
  "Component-dbg.js": 1689003481700,
  "Component.js.map": 1689015726080,
  "controller/App-dbg.controller.js": 1689003481712,
  "controller/App.controller.js.map": 1689015726064,
  "model/models-dbg.js": 1689003481712,
  "model/models.js.map": 1689015726086,
  "controller/Customer-dbg.controller.js": 1689003481716,
  "controller/Customer.controller.js.map": 1689015726083,
  "Component-preload.js": 1689015726182,
  "Component-preload.js.map": 1689015726182,
  "view/Customer.view.xml": 1689003633639,
  "view/App.view.xml": 1689003481716,
  "css/style.css": 1689003481716,
  "i18n/i18n.properties": 1689003481708
}