{
  "view/App.view.xml": 1689003481716,
  "manifest.json": 1689049040500,
  "controller/Customer.controller.js": 1689003481716,
  "controller/App.controller.js": 1689003481712,
  "model/models.js": 1689003481712,
  "Component.js": 1689003481700,
  "Component-dbg.js": 1689003481700,
  "Component.js.map": 1689049040713,
  "controller/App-dbg.controller.js": 1689003481712,
  "controller/App.controller.js.map": 1689049040696,
  "model/models-dbg.js": 1689003481712,
  "model/models.js.map": 1689049040699,
  "controller/Customer-dbg.controller.js": 1689003481716,
  "controller/Customer.controller.js.map": 1689049040692,
  "Component-preload.js": 1689049040847,
  "Component-preload.js.map": 1689049040847,
  "view/Customer.view.xml": 1689003633639,
  "i18n/i18n.properties": 1689003481708,
  "css/style.css": 1689003481716,
  "index.html": 1689013507829
}