{
  "view/Customer.view.xml": 1689003633639,
  "manifest.json": 1689049215959,
  "controller/Customer.controller.js": 1689003481716,
  "controller/App.controller.js": 1689003481712,
  "model/models.js": 1689003481712,
  "Component.js": 1689003481700,
  "Component-dbg.js": 1689003481700,
  "Component.js.map": 1689049216168,
  "controller/App-dbg.controller.js": 1689003481712,
  "controller/App.controller.js.map": 1689049216148,
  "model/models-dbg.js": 1689003481712,
  "model/models.js.map": 1689049216164,
  "controller/Customer-dbg.controller.js": 1689003481716,
  "controller/Customer.controller.js.map": 1689049216171,
  "Component-preload.js": 1689049216264,
  "Component-preload.js.map": 1689049216264,
  "i18n/i18n.properties": 1689003481708,
  "view/App.view.xml": 1689003481716,
  "css/style.css": 1689003481716,
  "index.html": 1689013507829
}