{
  "controller/Customer.controller.js.map": 1689012312698,
  "controller/Customer.controller.js": 1689003481716,
  "model/models.js": 1689003481712,
  "controller/App.controller.js": 1689003481712,
  "manifest.json": 1689012312510,
  "Component.js": 1689003481700,
  "controller/Customer-dbg.controller.js": 1689003481716,
  "i18n/i18n.properties": 1689003481708,
  "model/models-dbg.js": 1689003481712,
  "model/models.js.map": 1689012312681,
  "controller/App-dbg.controller.js": 1689003481712,
  "controller/App.controller.js.map": 1689012312707,
  "Component-dbg.js": 1689003481700,
  "Component.js.map": 1689012312702,
  "Component-preload.js": 1689012312824,
  "Component-preload.js.map": 1689012312824,
  "view/Customer.view.xml": 1689003633639,
  "view/App.view.xml": 1689003481716,
  "css/style.css": 1689003481716,
  "index.html": 1689012197425
}