{
  "Component-dbg.js": 1689003481700,
  "model/models.js": 1689003481712,
  "controller/Customer.controller.js": 1689003481716,
  "controller/App.controller.js": 1689003481712,
  "manifest.json": 1689015118554,
  "Component.js": 1689003481700,
  "model/models-dbg.js": 1689003481712,
  "model/models.js.map": 1689015118755,
  "controller/Customer-dbg.controller.js": 1689003481716,
  "controller/Customer.controller.js.map": 1689015118752,
  "controller/App-dbg.controller.js": 1689003481712,
  "controller/App.controller.js.map": 1689015118750,
  "i18n/i18n.properties": 1689003481708,
  "Component.js.map": 1689015118760,
  "Component-preload.js": 1689015118859,
  "Component-preload.js.map": 1689015118859,
  "view/Customer.view.xml": 1689003633639,
  "view/App.view.xml": 1689003481716,
  "css/style.css": 1689003481716,
  "index.html": 1689013507829
}