{
  "view/Customer.view.xml": 1689003633639,
  "manifest.json": 1689004509842,
  "controller/Customer.controller.js": 1689003481716,
  "controller/App.controller.js": 1689003481712,
  "model/models.js": 1689003481712,
  "Component.js": 1689003481700,
  "controller/App-dbg.controller.js": 1689003481712,
  "controller/App.controller.js.map": 1689004510046,
  "controller/Customer-dbg.controller.js": 1689003481716,
  "controller/Customer.controller.js.map": 1689004510015,
  "model/models-dbg.js": 1689003481712,
  "model/models.js.map": 1689004510041,
  "Component-dbg.js": 1689003481700,
  "Component.js.map": 1689004510051,
  "Component-preload.js": 1689004510151,
  "Component-preload.js.map": 1689004510151,
  "i18n/i18n.properties": 1689003481708,
  "view/App.view.xml": 1689003481716,
  "css/style.css": 1689003481716,
  "index.html": 1689004148962
}